{"11_3_1": {"probs": [0.8059981218137907, 0.11425945800912181, 0.03600214649852436, 0.012514086396565814, 0.031226187281996488, 0.0], "count": 3727}, "4_3_1": {"probs": [0.06436093247588431, 0.11599276527331219, 0.03374196141479101, 0.012214630225080417, 0.7736897106109328, 0.0], "count": 1244}, "4_1_1": {"probs": [0.1180026809651478, 0.20760388739946298, 0.0481367292225201, 0.019313002680965207, 0.6069436997319045, 0.0], "count": 1492}, "11_2_1": {"probs": [0.7469620383742531, 0.15455745822157943, 0.043197854342892514, 0.015360016505054976, 0.03992263255622022, 0.0], "count": 4847}, "4_4_1": {"probs": [0.04109226594301222, 0.08317503392130265, 0.023113975576662133, 0.008290366350067784, 0.8443283582089558, 0.0], "count": 737}, "11_4_1": {"probs": [0.856278264882327, 0.0869058606368248, 0.026813567143516372, 0.009455468389478586, 0.020546838947854272, 0.0], "count": 2167}, "4_2_1": {"probs": [0.08662492546213488, 0.16182468694096547, 0.040727489564698904, 0.015813953488372164, 0.6950089445438291, 0.0], "count": 1677}, "11_1_1": {"probs": [0.6848883224083542, 0.19653192522456797, 0.046684874969652866, 0.017969167273610274, 0.053925710123816376, 0.0], "count": 4119}, "1_0_1": {"probs": [0.4401385041551245, 0.3086842105263153, 0.018240997229916903, 0.02452908587257616, 0.2084072022160668, 0.0], "count": 722}, "11_5_1": {"probs": [0.894476003917731, 0.06596474045053873, 0.020078354554358496, 0.006753183153770758, 0.012727717923604342, 0.0], "count": 1021}, "4_2_0": {"probs": [0.1052481751824814, 0.19024608967674708, 0.0, 0.01866214807090738, 0.6858435870698665, 0.0], "count": 4795}, "11_1_0": {"probs": [0.6932050975706867, 0.2272998805256917, 0.0, 0.0196738351254471, 0.059821186778172754, 0.0], "count": 12555}, "4_1_0": {"probs": [0.12912639405204432, 0.2349825060135566, 0.0, 0.020016400612289813, 0.6158746993221069, 0.0], "count": 4573}, "11_2_0": {"probs": [0.742680660702, 0.1892670337233324, 0.0, 0.018262980805994228, 0.04978932476867531, 0.0], "count": 13077}, "11_3_0": {"probs": [0.7971954907891107, 0.14858331042067421, 0.0, 0.015603519384108016, 0.03861767940610316, 0.0], "count": 7274}, "11_4_0": {"probs": [0.8492405987586693, 0.11407630522088331, 0.0, 0.012130339539978134, 0.024552756480467387, 0.0], "count": 2739}, "4_3_0": {"probs": [0.08311643835616421, 0.15133371385083672, 0.0, 0.01580669710806709, 0.7497431506849292, 0.0], "count": 2628}, "1_0_0": {"probs": [0.44228018510727796, 0.32066259991585916, 0.0, 0.026159023979806555, 0.21089819099705537, 0.0], "count": 2377}, "4_4_0": {"probs": [0.05050550550550549, 0.11330830830830842, 0.0, 0.011591591591591633, 0.8245945945945957, 0.0], "count": 999}, "11_5_0": {"probs": [0.8926793248945158, 0.0841279887482419, 0.0, 0.008466947960618788, 0.01472573839662448, 0.0], "count": 711}, "4_5_0": {"probs": [0.026742738589211577, 0.08201244813278014, 0.0, 0.007655601659751028, 0.8835892116182571, 0.0], "count": 241}, "4_5_1": {"probs": [0.02772117962466484, 0.06961126005361934, 0.016300268096514733, 0.0065147453083109754, 0.8798525469168896, 0.0], "count": 373}, "2_0_1": {"probs": [0.48294354838709663, 0.09076612903225809, 0.17362903225806456, 0.021088709677419347, 0.23157258064516123, 0.0], "count": 124}, "4_6_1": {"probs": [0.017118055555555536, 0.04920138888888888, 0.015381944444444441, 0.004340277777777781, 0.913958333333333, 0.0], "count": 144}, "11_6_1": {"probs": [0.9126901408450703, 0.05390140845070427, 0.018690140845070393, 0.005732394366197171, 0.008985915492957722, 0.0], "count": 355}, "4_6_0": {"probs": [0.016500000000000008, 0.07949999999999997, 0.0, 0.005583333333333335, 0.8984166666666666, 0.0], "count": 60}, "11_6_0": {"probs": [0.9241666666666662, 0.06374999999999996, 0.0, 0.0045512820512820535, 0.0075320512820512735, 0.0], "count": 156}, "4_7_1": {"probs": [0.01060606060606061, 0.03787878787878789, 0.009545454545454548, 0.0034848484848484856, 0.9384848484848486, 0.0], "count": 33}, "11_7_1": {"probs": [0.9374444444444442, 0.04605555555555556, 0.008888888888888892, 0.0036111111111111127, 0.004000000000000002, 0.0], "count": 90}, "11_8_1": {"probs": [0.9554545454545454, 0.032159090909090915, 0.008295454545454549, 0.002159090909090909, 0.001931818181818182, 0.0], "count": 44}, "11_7_0": {"probs": [0.934342105263158, 0.05842105263157893, 0.0, 0.002631578947368421, 0.004605263157894738, 0.0], "count": 38}, "11_8_0": {"probs": [0.9465625, 0.047187500000000014, 0.0, 0.0025, 0.0037499999999999994, 0.0], "count": 16}, "4_8_1": {"probs": [0.0030769230769230765, 0.021923076923076927, 0.006153846153846154, 0.0011538461538461537, 0.9676923076923079, 0.0], "count": 13}, "4_7_0": {"probs": [0.012, 0.05933333333333334, 0.0, 0.003666666666666666, 0.925, 0.0], "count": 15}, "4_8_0": {"probs": [0.0016666666666666668, 0.07500000000000001, 0.0, 0.006666666666666667, 0.9166666666666666, 0.0], "count": 3}}