{"4_3_1_1": {"probs": [0.04335227272727272, 0.09573863636363639, 0.03863636363636363, 0.010681818181818188, 0.8115909090909093, 0.0], "count": 88}, "11_1_1_2": {"probs": [0.5939083557951483, 0.2586927223719676, 0.07088948787061998, 0.02281671159029646, 0.053692722371967656, 0.0], "count": 371}, "11_2_1_2": {"probs": [0.7111936090225569, 0.1756672932330827, 0.05710526315789474, 0.016813909774436038, 0.039219924812030064, 0.0], "count": 532}, "4_2_1_2": {"probs": [0.07691588785046732, 0.18537383177570102, 0.05918224299065422, 0.0172663551401869, 0.6612616822429902, 0.0], "count": 214}, "11_2_1_1": {"probs": [0.7099600000000005, 0.15819999999999998, 0.07918000000000008, 0.01689999999999996, 0.03575999999999997, 0.0], "count": 250}, "1_0_1_2": {"probs": [0.34765624999999994, 0.43359375000000006, 0.015703125, 0.026484374999999984, 0.17656249999999998, 0.0], "count": 64}, "11_1_0_2": {"probs": [0.5932303370786516, 0.3312265917602998, 0.0, 0.02215355805243443, 0.05338951310861432, 0.0], "count": 534}, "4_2_0_3": {"probs": [0.08725, 0.21747826086956526, 0.0, 0.01786956521739127, 0.6774021739130437, 0.0], "count": 460}, "11_2_0_1": {"probs": [0.7065566037735851, 0.24882075471698092, 0.0, 0.01497641509433958, 0.029646226415094304, 0.0], "count": 212}, "11_1_0_1": {"probs": [0.5774789915966386, 0.3453361344537818, 0.0, 0.023865546218487365, 0.053319327731092415, 0.0], "count": 119}, "4_2_1_3": {"probs": [0.08650224215246637, 0.16883408071748876, 0.045179372197309414, 0.016681614349775765, 0.6828026905829597, 0.0], "count": 223}, "4_1_1_2": {"probs": [0.12279720279720277, 0.2895804195804197, 0.06360139860139859, 0.02527972027972026, 0.4987412587412586, 0.0], "count": 143}, "11_2_0_2": {"probs": [0.7105862533692728, 0.23244609164420504, 0.0, 0.017486522911051267, 0.03948113207547172, 0.0], "count": 742}, "4_1_0_2": {"probs": [0.11541208791208789, 0.3673901098901098, 0.0, 0.023461538461538426, 0.4937362637362635, 0.0], "count": 182}, "11_3_0_3": {"probs": [0.7852598152424953, 0.16334872979214787, 0.0, 0.016437644341801408, 0.03495381062355662, 0.0], "count": 866}, "4_1_0_3": {"probs": [0.1256948640483384, 0.3095921450151058, 0.0, 0.023353474320241638, 0.5413595166163135, 0.0], "count": 331}, "11_1_0_3": {"probs": [0.6066850000000003, 0.3101250000000003, 0.0, 0.022999999999999986, 0.06018999999999991, 0.0], "count": 1000}, "1_0_0_1": {"probs": [0.32499999999999996, 0.48645833333333327, 0.0, 0.029791666666666675, 0.15875000000000003, 0.0], "count": 24}, "4_1_0_1": {"probs": [0.09104651162790696, 0.35116279069767464, 0.0, 0.022209302325581402, 0.5355813953488372, 0.0], "count": 43}, "11_2_0_3": {"probs": [0.7101854599406534, 0.22468842729970334, 0.0, 0.019098664688427323, 0.046027448071216615, 0.0], "count": 1348}, "1_0_0_3": {"probs": [0.35401734104046245, 0.4403179190751445, 0.0, 0.029855491329479768, 0.17580924855491328, 0.0], "count": 173}, "4_2_0_2": {"probs": [0.07934523809523815, 0.23313492063492053, 0.0, 0.01908730158730156, 0.6684325396825397, 0.0], "count": 252}, "11_2_0_5": {"probs": [0.7247993052875338, 0.20315515245079085, 0.0, 0.019218448475492155, 0.052827093786182916, 0.0], "count": 2591}, "11_1_0_4": {"probs": [0.6269282511210764, 0.2897458893871447, 0.0, 0.022544843049327325, 0.06078101644245157, 0.0], "count": 1338}, "4_1_0_4": {"probs": [0.13102396514161224, 0.31033769063180827, 0.0, 0.02400871459694989, 0.5346296296296297, 0.0], "count": 459}, "4_2_0_5": {"probs": [0.10672085201793735, 0.20354820627802683, 0.0, 0.019691704035874464, 0.6700392376681618, 0.0], "count": 892}, "1_0_0_4": {"probs": [0.37799578059071703, 0.40316455696202524, 0.0, 0.028924050632911376, 0.18991561181434594, 0.0], "count": 237}, "11_1_0_5": {"probs": [0.6459000734753861, 0.2667101396032333, 0.0, 0.022000367376928853, 0.06538941954445271, 0.0], "count": 2722}, "4_3_0_5": {"probs": [0.07990625000000003, 0.16007812500000002, 0.0, 0.016140624999999947, 0.7438749999999998, 0.0], "count": 320}, "1_0_0_2": {"probs": [0.3404651162790697, 0.4657558139534885, 0.0, 0.0277906976744186, 0.16598837209302325, 0.0], "count": 86}, "4_2_0_4": {"probs": [0.09944144144144158, 0.21162162162162154, 0.0, 0.019441441441441467, 0.6694954954954957, 0.0], "count": 555}, "4_1_0_5": {"probs": [0.13335506519558668, 0.27637412236710146, 0.0, 0.023239719157472423, 0.5670310932798398, 0.0], "count": 997}, "11_2_0_4": {"probs": [0.7247628330084469, 0.20648473034437959, 0.0, 0.019444444444444424, 0.049307992202729224, 0.0], "count": 1539}, "11_1_1_4": {"probs": [0.6399248120300747, 0.2315914786967419, 0.049711779448621575, 0.02070175438596487, 0.05807017543859649, 0.0], "count": 399}, "11_1_1_5": {"probs": [0.6612865497076027, 0.2241812865497077, 0.03311890838206626, 0.02035087719298239, 0.06106237816764133, 0.0], "count": 513}, "1_0_1_5": {"probs": [0.4021195652173912, 0.35271739130434787, 0.011684782608695652, 0.030054347826086937, 0.20342391304347823, 0.0], "count": 92}, "4_2_1_4": {"probs": [0.09195652173913041, 0.17906832298136646, 0.035155279503105576, 0.016273291925465817, 0.6775465838509316, 0.0], "count": 161}, "11_3_0_4": {"probs": [0.789494518879416, 0.1563824604141292, 0.0, 0.016108404384896486, 0.03801461632155907, 0.0], "count": 821}, "11_2_1_4": {"probs": [0.7190581395348834, 0.17662790697674421, 0.04118604651162792, 0.016779069767441816, 0.0463488372093023, 0.0], "count": 430}, "1_0_1_4": {"probs": [0.3893661971830987, 0.35746478873239435, 0.03126760563380282, 0.025774647887323938, 0.1961267605633802, 0.0], "count": 71}, "11_3_0_5": {"probs": [0.7859644396551742, 0.15615301724137942, 0.0, 0.01726831896551723, 0.04061422413793104, 0.0], "count": 928}, "4_1_1_4": {"probs": [0.12231060606060606, 0.24962121212121208, 0.048333333333333346, 0.022613636363636353, 0.5571212121212118, 0.0], "count": 132}, "11_2_1_5": {"probs": [0.7125121359223308, 0.18623786407766982, 0.0312135922330097, 0.01804611650485434, 0.051990291262135925, 0.0], "count": 412}, "4_1_1_3": {"probs": [0.1223714285714286, 0.2761714285714288, 0.06531428571428569, 0.025799999999999972, 0.5103428571428571, 0.0], "count": 175}, "11_3_0_2": {"probs": [0.7950259067357512, 0.16138169257340237, 0.0, 0.014412780656303904, 0.02917962003454229, 0.0], "count": 579}, "11_2_1_3": {"probs": [0.7193128390596747, 0.1775949367088609, 0.041356238698010854, 0.01739602169981912, 0.044339963833634734, 0.0], "count": 553}, "4_1_1_5": {"probs": [0.1224705882352941, 0.2474999999999999, 0.03185294117647059, 0.020764705882352918, 0.5774117647058823, 0.0], "count": 170}, "11_3_1_5": {"probs": [0.7376694915254238, 0.16669491525423727, 0.033050847457627125, 0.016779661016949138, 0.045805084745762704, 0.0], "count": 118}, "4_3_0_3": {"probs": [0.06605849582172704, 0.162116991643454, 0.0, 0.015626740947075148, 0.7561977715877427, 0.0], "count": 359}, "4_2_1_5": {"probs": [0.09793918918918912, 0.1852027027027028, 0.03003378378378378, 0.017837837837837822, 0.6689864864864864, 0.0], "count": 148}, "2_0_1_4": {"probs": [0.3949999999999999, 0.1340909090909091, 0.26727272727272733, 0.023181818181818182, 0.18045454545454542, 0.0], "count": 11}, "11_1_1_3": {"probs": [0.6036568848758461, 0.25102708803611723, 0.06542889390519191, 0.022392776523702005, 0.05749435665914219, 0.0], "count": 443}, "4_3_1_2": {"probs": [0.05694444444444443, 0.12975694444444444, 0.04434027777777776, 0.013506944444444426, 0.7554513888888887, 0.0], "count": 144}, "1_0_0_5": {"probs": [0.39824803149606314, 0.3745964566929137, 0.0, 0.02816929133858263, 0.198986220472441, 0.0], "count": 508}, "4_2_0_1": {"probs": [0.0600806451612903, 0.216290322580645, 0.0, 0.015967741935483882, 0.7076612903225805, 0.0], "count": 62}, "1_0_1_1": {"probs": [0.29750000000000004, 0.5219444444444444, 0.013333333333333332, 0.03333333333333334, 0.1338888888888889, 0.0], "count": 18}, "11_1_1_1": {"probs": [0.5466791044776119, 0.26283582089552243, 0.10444029850746267, 0.02649253731343282, 0.05955223880597016, 0.0], "count": 134},