{"terrain_to_outcome": {"11": [0.7562788083723746, 0.17114345624905639, 0.011754949372827572, 0.016328585461689204, 0.0444942005440517, 0.0], "4": [0.0954716981132074, 0.17578493719451274, 0.0109223734692805, 0.01661954065275675, 0.7012014505702424, 0.0], "1": [0.4417812197483058, 0.31787189415940525, 0.004249757986447242, 0.02577928363988389, 0.21031784446595705, 0.0], "2": [0.48294354838709663, 0.09076612903225809, 0.17362903225806456, 0.021088709677419347, 0.23157258064516123, 0.0]}, "n_cells_analyzed": 75186}